organisation,sector,page_title,base_url,url,viewport_size,audit_id,page_id,audit_type,issue_id,description,target,num_issues,help,helpUrl,id,impact,html,tags,best-practice
MSD,Government,MSD - Ministry of Social Development,https://msd.govt.nz,https://msd.govt.nz/,"{'width': 320, 'height': 450}",1_small,1,AxeCoreAudit,,No issues found,,0,,,,,,,No
MSD,Government,MSD - Ministry of Social Development,https://msd.govt.nz,https://msd.govt.nz/,"{'width': 1280, 'height': 800}",1_medium,1,AxeCoreAudit,,No issues found,,0,,,,,,,No
MSD,Government,What we do - Ministry of Social Development,https://msd.govt.nz,https://msd.govt.nz/what-we-can-do/index.html,"{'width': 320, 'height': 450}",2_small,2,AxeCoreAudit,,No issues found,,0,,,,,,,No
MSD,Government,What we do - Ministry of Social Development,https://msd.govt.nz,https://msd.govt.nz/what-we-can-do/index.html,"{'width': 1280, 'height': 800}",2_medium,2,AxeCoreAudit,,No issues found,,0,,,,,,,No
MSD,Government,Young Adults / ngā Rangatahi - Ministry of Social Development,https://msd.govt.nz,https://msd.govt.nz/what-we-can-do/young-adults/index.html,"{'width': 320, 'height': 450}",3_small,3,AxeCoreAudit,,No issues found,,0,,,,,,,No
MSD,Government,Young Adults / ngā Rangatahi - Ministry of Social Development,https://msd.govt.nz,https://msd.govt.nz/what-we-can-do/young-adults/index.html,"{'width': 1280, 'height': 800}",3_medium,3,AxeCoreAudit,,No issues found,,0,,,,,,,No
MSD,Government,News and Media - Ministry of Social Development,https://msd.govt.nz,https://msd.govt.nz/about-msd-and-our-work/newsroom/index.html,"{'width': 320, 'height': 450}",4_small,4,AxeCoreAudit,,No issues found,,0,,,,,,,No
MSD,Government,News and Media - Ministry of Social Development,https://msd.govt.nz,https://msd.govt.nz/about-msd-and-our-work/newsroom/index.html,"{'width': 1280, 'height': 800}",4_medium,4,AxeCoreAudit,,No issues found,,0,,,,,,,No
MSD,Government,COVID-19 and MSD - Ministry of Social Development,https://msd.govt.nz,https://msd.govt.nz/about-msd-and-our-work/covid-19/index.html,"{'width': 320, 'height': 450}",5_small,5,AxeCoreAudit,,No issues found,,0,,,,,,,No
MSD,Government,COVID-19 and MSD - Ministry of Social Development,https://msd.govt.nz,https://msd.govt.nz/about-msd-and-our-work/covid-19/index.html,"{'width': 1280, 'height': 800}",5_medium,5,AxeCoreAudit,,No issues found,,0,,,,,,,No
MSD,Government,Community detention for 16 attempts at COVID19 Wage Subsidy fraud - Ministry of Social Development,https://msd.govt.nz,https://msd.govt.nz/about-msd-and-our-work/work-programmes/wage-subsidy-integrity/2025/community-detention-for-16-attempts-at-covid19-wage-subsidy-fraud.html,"{'width': 320, 'height': 450}",6_small,6,AxeCoreAudit,ac71c55a55,Ensure that lists are structured correctly,//div[@id='breadcrumbs']/nav/ol,1,"<ul> and <ol> must only directly contain <li>, <script> or <template> elements",https://dequeuniversity.com/rules/axe/4.11/list?application=axeAPI,list,serious,<ol>,"['cat.structure', 'wcag2a', 'wcag131', 'EN-301-549', 'EN-9.1.3.1', 'RGAAv4', 'RGAA-9.3.1']",No
MSD,Government,Community detention for 16 attempts at COVID19 Wage Subsidy fraud - Ministry of Social Development,https://msd.govt.nz,https://msd.govt.nz/about-msd-and-our-work/work-programmes/wage-subsidy-integrity/2025/community-detention-for-16-attempts-at-covid19-wage-subsidy-fraud.html,"{'width': 1280, 'height': 800}",6_medium,6,AxeCoreAudit,e62c191b0c,Ensure <img> elements have alternative text or a role of none or presentation,//div[@id='feature-col']/div/img,1,Images must have alternative text,https://dequeuniversity.com/rules/axe/4.11/image-alt?application=axeAPI,image-alt,critical,"<img src="""">","['cat.text-alternatives', 'wcag2a', 'wcag111', 'section508', 'section508.22.a', 'TTv5', 'TT7.a', 'TT7.b', 'EN-301-549', 'EN-9.1.1.1', 'ACT', 'RGAAv4', 'RGAA-1.1.1']",No
MSD,Government,Community detention for 16 attempts at COVID19 Wage Subsidy fraud - Ministry of Social Development,https://msd.govt.nz,https://msd.govt.nz/about-msd-and-our-work/work-programmes/wage-subsidy-integrity/2025/community-detention-for-16-attempts-at-covid19-wage-subsidy-fraud.html,"{'width': 1280, 'height': 800}",6_medium,6,AxeCoreAudit,828f1204b8,Ensure that lists are structured correctly,//div[@id='breadcrumbs']/nav/ol,1,"<ul> and <ol> must only directly contain <li>, <script> or <template> elements",https://dequeuniversity.com/rules/axe/4.11/list?application=axeAPI,list,serious,<ol>,"['cat.structure', 'wcag2a', 'wcag131', 'EN-301-549', 'EN-9.1.3.1', 'RGAAv4', 'RGAA-9.3.1']",No
MSD,Government,Families / Ko ngā Whānau - Ministry of Social Development,https://msd.govt.nz,https://msd.govt.nz/what-we-can-do/families/index.html,"{'width': 320, 'height': 450}",7_small,7,AxeCoreAudit,,No issues found,,0,,,,,,,No
MSD,Government,Families / Ko ngā Whānau - Ministry of Social Development,https://msd.govt.nz,https://msd.govt.nz/what-we-can-do/families/index.html,"{'width': 1280, 'height': 800}",7_medium,7,AxeCoreAudit,,No issues found,,0,,,,,,,No
MSD,Government,"Copyright, disclaimer and privacy statements - Ministry of Social Development",https://msd.govt.nz,https://msd.govt.nz/about-msd-and-our-work/tools/copyright-statement.html,"{'width': 320, 'height': 450}",8_small,8,AxeCoreAudit,,No issues found,,0,,,,,,,No
MSD,Government,"Copyright, disclaimer and privacy statements - Ministry of Social Development",https://msd.govt.nz,https://msd.govt.nz/about-msd-and-our-work/tools/copyright-statement.html,"{'width': 1280, 'height': 800}",8_medium,8,AxeCoreAudit,,No issues found,,0,,,,,,,No
MSD,Government,Publications and resources - Ministry of Social Development,https://msd.govt.nz,https://msd.govt.nz/about-msd-and-our-work/publications-resources/index.html,"{'width': 320, 'height': 450}",9_small,9,AxeCoreAudit,,No issues found,,0,,,,,,,No
MSD,Government,Publications and resources - Ministry of Social Development,https://msd.govt.nz,https://msd.govt.nz/about-msd-and-our-work/publications-resources/index.html,"{'width': 1280, 'height': 800}",9_medium,9,AxeCoreAudit,,No issues found,,0,,,,,,,No
MSD,Government,Ministry of Social Development fact sheets - Ministry of Social Development,https://msd.govt.nz,https://msd.govt.nz/about-msd-and-our-work/newsroom/factsheets/index.html,"{'width': 320, 'height': 450}",10_small,10,AxeCoreAudit,,No issues found,,0,,,,,,,No
MSD,Government,Ministry of Social Development fact sheets - Ministry of Social Development,https://msd.govt.nz,https://msd.govt.nz/about-msd-and-our-work/newsroom/factsheets/index.html,"{'width': 1280, 'height': 800}",10_medium,10,AxeCoreAudit,,No issues found,,0,,,,,,,No
MSD,Government,Child Wellbeing and Poverty Reduction - Ministry of Social Development,https://msd.govt.nz,https://msd.govt.nz/about-msd-and-our-work/child-wellbeing-and-poverty-reduction/index.html,"{'width': 320, 'height': 450}",11_small,11,AxeCoreAudit,,No issues found,,0,,,,,,,No
MSD,Government,Child Wellbeing and Poverty Reduction - Ministry of Social Development,https://msd.govt.nz,https://msd.govt.nz/about-msd-and-our-work/child-wellbeing-and-poverty-reduction/index.html,"{'width': 1280, 'height': 800}",11_medium,11,AxeCoreAudit,,No issues found,,0,,,,,,,No
MSD,Government,Draft Carers' Strategy Action Plan - Ministry of Social Development,https://msd.govt.nz,https://msd.govt.nz/about-msd-and-our-work/publications-resources/consultations/carers-strategy-action-plan/draft-carers-strategy-action-plan.html,"{'width': 320, 'height': 450}",12_small,12,AxeCoreAudit,ac71c55a55,Ensure that lists are structured correctly,//div[@id='breadcrumbs']/nav/ol,1,"<ul> and <ol> must only directly contain <li>, <script> or <template> elements",https://dequeuniversity.com/rules/axe/4.11/list?application=axeAPI,list,serious,<ol>,"['cat.structure', 'wcag2a', 'wcag131', 'EN-301-549', 'EN-9.1.3.1', 'RGAAv4', 'RGAA-9.3.1']",No
MSD,Government,Draft Carers' Strategy Action Plan - Ministry of Social Development,https://msd.govt.nz,https://msd.govt.nz/about-msd-and-our-work/publications-resources/consultations/carers-strategy-action-plan/draft-carers-strategy-action-plan.html,"{'width': 1280, 'height': 800}",12_medium,12,AxeCoreAudit,828f1204b8,Ensure that lists are structured correctly,//div[@id='breadcrumbs']/nav/ol,1,"<ul> and <ol> must only directly contain <li>, <script> or <template> elements",https://dequeuniversity.com/rules/axe/4.11/list?application=axeAPI,list,serious,<ol>,"['cat.structure', 'wcag2a', 'wcag131', 'EN-301-549', 'EN-9.1.3.1', 'RGAAv4', 'RGAA-9.3.1']",No
MSD,Government,Sentencing for over $200k in Wage Subsidy fraud - Ministry of Social Development,https://msd.govt.nz,https://msd.govt.nz/about-msd-and-our-work/work-programmes/wage-subsidy-integrity/2025/sentencing-for-over-200k-in-wage-subsidy-fraud.html,"{'width': 320, 'height': 450}",13_small,13,AxeCoreAudit,ac71c55a55,Ensure that lists are structured correctly,//div[@id='breadcrumbs']/nav/ol,1,"<ul> and <ol> must only directly contain <li>, <script> or <template> elements",https://dequeuniversity.com/rules/axe/4.11/list?application=axeAPI,list,serious,<ol>,"['cat.structure', 'wcag2a', 'wcag131', 'EN-301-549', 'EN-9.1.3.1', 'RGAAv4', 'RGAA-9.3.1']",No
MSD,Government,Sentencing for over $200k in Wage Subsidy fraud - Ministry of Social Development,https://msd.govt.nz,https://msd.govt.nz/about-msd-and-our-work/work-programmes/wage-subsidy-integrity/2025/sentencing-for-over-200k-in-wage-subsidy-fraud.html,"{'width': 1280, 'height': 800}",13_medium,13,AxeCoreAudit,e62c191b0c,Ensure <img> elements have alternative text or a role of none or presentation,//div[@id='feature-col']/div/img,1,Images must have alternative text,https://dequeuniversity.com/rules/axe/4.11/image-alt?application=axeAPI,image-alt,critical,"<img src="""">","['cat.text-alternatives', 'wcag2a', 'wcag111', 'section508', 'section508.22.a', 'TTv5', 'TT7.a', 'TT7.b', 'EN-301-549', 'EN-9.1.1.1', 'ACT', 'RGAAv4', 'RGAA-1.1.1']",No
MSD,Government,Sentencing for over $200k in Wage Subsidy fraud - Ministry of Social Development,https://msd.govt.nz,https://msd.govt.nz/about-msd-and-our-work/work-programmes/wage-subsidy-integrity/2025/sentencing-for-over-200k-in-wage-subsidy-fraud.html,"{'width': 1280, 'height': 800}",13_medium,13,AxeCoreAudit,828f1204b8,Ensure that lists are structured correctly,//div[@id='breadcrumbs']/nav/ol,1,"<ul> and <ol> must only directly contain <li>, <script> or <template> elements",https://dequeuniversity.com/rules/axe/4.11/list?application=axeAPI,list,serious,<ol>,"['cat.structure', 'wcag2a', 'wcag131', 'EN-301-549', 'EN-9.1.3.1', 'RGAAv4', 'RGAA-9.3.1']",No
MSD,Government,MSD - Ministry of Social Development,https://msd.govt.nz,https://www.msd.govt.nz/,"{'width': 320, 'height': 450}",14_small,14,AxeCoreAudit,,No issues found,,0,,,,,,,No
MSD,Government,MSD - Ministry of Social Development,https://msd.govt.nz,https://www.msd.govt.nz/,"{'width': 1280, 'height': 800}",14_medium,14,AxeCoreAudit,,No issues found,,0,,,,,,,No
MSD,Government,Annual Report | Pūrongo ā-Tau 2024 - Ministry of Social Development,https://msd.govt.nz,https://msd.govt.nz/about-msd-and-our-work/publications-resources/corporate/annual-report/2024/index.html,"{'width': 320, 'height': 450}",15_small,15,AxeCoreAudit,ac71c55a55,Ensure that lists are structured correctly,//div[@id='breadcrumbs']/nav/ol,1,"<ul> and <ol> must only directly contain <li>, <script> or <template> elements",https://dequeuniversity.com/rules/axe/4.11/list?application=axeAPI,list,serious,<ol>,"['cat.structure', 'wcag2a', 'wcag131', 'EN-301-549', 'EN-9.1.3.1', 'RGAAv4', 'RGAA-9.3.1']",No
MSD,Government,Annual Report | Pūrongo ā-Tau 2024 - Ministry of Social Development,https://msd.govt.nz,https://msd.govt.nz/about-msd-and-our-work/publications-resources/corporate/annual-report/2024/index.html,"{'width': 1280, 'height': 800}",15_medium,15,AxeCoreAudit,828f1204b8,Ensure that lists are structured correctly,//div[@id='breadcrumbs']/nav/ol,1,"<ul> and <ol> must only directly contain <li>, <script> or <template> elements",https://dequeuniversity.com/rules/axe/4.11/list?application=axeAPI,list,serious,<ol>,"['cat.structure', 'wcag2a', 'wcag131', 'EN-301-549', 'EN-9.1.3.1', 'RGAAv4', 'RGAA-9.3.1']",No
MSD,Government,Community Connection Service - Ministry of Social Development,https://msd.govt.nz,https://msd.govt.nz/what-we-can-do/community/community-connection-service/index.html,"{'width': 320, 'height': 450}",16_small,16,AxeCoreAudit,,No issues found,,0,,,,,,,No
MSD,Government,Community Connection Service - Ministry of Social Development,https://msd.govt.nz,https://msd.govt.nz/what-we-can-do/community/community-connection-service/index.html,"{'width': 1280, 'height': 800}",16_medium,16,AxeCoreAudit,,No issues found,,0,,,,,,,No
MSD,Government,Policy development - Ministry of Social Development,https://msd.govt.nz,https://msd.govt.nz/about-msd-and-our-work/work-programmes/policy-development/index.html,"{'width': 320, 'height': 450}",17_small,17,AxeCoreAudit,,No issues found,,0,,,,,,,No
MSD,Government,Policy development - Ministry of Social Development,https://msd.govt.nz,https://msd.govt.nz/about-msd-and-our-work/work-programmes/policy-development/index.html,"{'width': 1280, 'height': 800}",17_medium,17,AxeCoreAudit,,No issues found,,0,,,,,,,No
MSD,Government,Integrated Government Response to the Poutasi Review - Ministry of Social Development,https://msd.govt.nz,https://msd.govt.nz/about-msd-and-our-work/child-wellbeing-and-poverty-reduction/integrated-government-response-to-the-poutasi-review.html,"{'width': 320, 'height': 450}",18_small,18,AxeCoreAudit,,No issues found,,0,,,,,,,No
MSD,Government,Integrated Government Response to the Poutasi Review - Ministry of Social Development,https://msd.govt.nz,https://msd.govt.nz/about-msd-and-our-work/child-wellbeing-and-poverty-reduction/integrated-government-response-to-the-poutasi-review.html,"{'width': 1280, 'height': 800}",18_medium,18,AxeCoreAudit,,No issues found,,0,,,,,,,No
MSD,Government,Work programmes - Ministry of Social Development,https://msd.govt.nz,https://msd.govt.nz/about-msd-and-our-work/work-programmes/index.html,"{'width': 320, 'height': 450}",19_small,19,AxeCoreAudit,,No issues found,,0,,,,,,,No
MSD,Government,Work programmes - Ministry of Social Development,https://msd.govt.nz,https://msd.govt.nz/about-msd-and-our-work/work-programmes/index.html,"{'width': 1280, 'height': 800}",19_medium,19,AxeCoreAudit,,No issues found,,0,,,,,,,No
MSD,Government,Families Package Monitoring and Evaluation - Ministry of Social Development,https://msd.govt.nz,https://msd.govt.nz/about-msd-and-our-work/publications-resources/evaluation/families-package-reports/index.html,"{'width': 320, 'height': 450}",20_small,20,AxeCoreAudit,,No issues found,,0,,,,,,,No
MSD,Government,Families Package Monitoring and Evaluation - Ministry of Social Development,https://msd.govt.nz,https://msd.govt.nz/about-msd-and-our-work/publications-resources/evaluation/families-package-reports/index.html,"{'width': 1280, 'height': 800}",20_medium,20,AxeCoreAudit,,No issues found,,0,,,,,,,No
MSD,Government,Literature reviews - Ministry of Social Development,https://msd.govt.nz,https://msd.govt.nz/about-msd-and-our-work/publications-resources/literature-reviews/index.html,"{'width': 320, 'height': 450}",21_small,21,AxeCoreAudit,,No issues found,,0,,,,,,,No
MSD,Government,Literature reviews - Ministry of Social Development,https://msd.govt.nz,https://msd.govt.nz/about-msd-and-our-work/publications-resources/literature-reviews/index.html,"{'width': 1280, 'height': 800}",21_medium,21,AxeCoreAudit,,No issues found,,0,,,,,,,No
MSD,Government,Individuals / He Tangata - Ministry of Social Development,https://msd.govt.nz,https://msd.govt.nz/what-we-can-do/individuals/index.html,"{'width': 320, 'height': 450}",22_small,22,AxeCoreAudit,,No issues found,,0,,,,,,,No
MSD,Government,Individuals / He Tangata - Ministry of Social Development,https://msd.govt.nz,https://msd.govt.nz/what-we-can-do/individuals/index.html,"{'width': 1280, 'height': 800}",22_medium,22,AxeCoreAudit,,No issues found,,0,,,,,,,No
MSD,Government,Monthly Housing Reporting - Ministry of Social Development,https://msd.govt.nz,https://msd.govt.nz/about-msd-and-our-work/publications-resources/statistics/housing/monthly-housing-reporting.html,"{'width': 320, 'height': 450}",23_small,23,AxeCoreAudit,ac71c55a55,Ensure that lists are structured correctly,//div[@id='breadcrumbs']/nav/ol,1,"<ul> and <ol> must only directly contain <li>, <script> or <template> elements",https://dequeuniversity.com/rules/axe/4.11/list?application=axeAPI,list,serious,<ol>,"['cat.structure', 'wcag2a', 'wcag131', 'EN-301-549', 'EN-9.1.3.1', 'RGAAv4', 'RGAA-9.3.1']",No
MSD,Government,Monthly Housing Reporting - Ministry of Social Development,https://msd.govt.nz,https://msd.govt.nz/about-msd-and-our-work/publications-resources/statistics/housing/monthly-housing-reporting.html,"{'width': 1280, 'height': 800}",23_medium,23,AxeCoreAudit,828f1204b8,Ensure that lists are structured correctly,//div[@id='breadcrumbs']/nav/ol,1,"<ul> and <ol> must only directly contain <li>, <script> or <template> elements",https://dequeuniversity.com/rules/axe/4.11/list?application=axeAPI,list,serious,<ol>,"['cat.structure', 'wcag2a', 'wcag131', 'EN-301-549', 'EN-9.1.3.1', 'RGAAv4', 'RGAA-9.3.1']",No
MSD,Government,News and Media - Ministry of Social Development,https://msd.govt.nz,https://msd.govt.nz/about-msd-and-our-work/newsroom/index-2020.html,"{'width': 320, 'height': 450}",24_small,24,AxeCoreAudit,,No issues found,,0,,,,,,,No
MSD,Government,News and Media - Ministry of Social Development,https://msd.govt.nz,https://msd.govt.nz/about-msd-and-our-work/newsroom/index-2020.html,"{'width': 1280, 'height': 800}",24_medium,24,AxeCoreAudit,,No issues found,,0,,,,,,,No
MSD,Government,Publications Index 2006 - 2009 - Ministry of Social Development,https://msd.govt.nz,https://msd.govt.nz/about-msd-and-our-work/publications-resources/publications-index-2006-2008.html,"{'width': 320, 'height': 450}",25_small,25,AxeCoreAudit,,No issues found,,0,,,,,,,No
MSD,Government,Publications Index 2006 - 2009 - Ministry of Social Development,https://msd.govt.nz,https://msd.govt.nz/about-msd-and-our-work/publications-resources/publications-index-2006-2008.html,"{'width': 1280, 'height': 800}",25_medium,25,AxeCoreAudit,,No issues found,,0,,,,,,,No
MSD,Government,He Poutama Taitamariki and He Poutama Rangatahi Evaluations - Ministry of Social Development,https://msd.govt.nz,https://msd.govt.nz/about-msd-and-our-work/publications-resources/research/he-poutama-taitamariki-and-he-poutama-rangatahi-evaluations/he-poutama-taitamariki-and-he-poutama-rangatahi-evaluations.html,"{'width': 320, 'height': 450}",26_small,26,AxeCoreAudit,ac71c55a55,Ensure that lists are structured correctly,//div[@id='breadcrumbs']/nav/ol,1,"<ul> and <ol> must only directly contain <li>, <script> or <template> elements",https://dequeuniversity.com/rules/axe/4.11/list?application=axeAPI,list,serious,<ol>,"['cat.structure', 'wcag2a', 'wcag131', 'EN-301-549', 'EN-9.1.3.1', 'RGAAv4', 'RGAA-9.3.1']",No
MSD,Government,He Poutama Taitamariki and He Poutama Rangatahi Evaluations - Ministry of Social Development,https://msd.govt.nz,https://msd.govt.nz/about-msd-and-our-work/publications-resources/research/he-poutama-taitamariki-and-he-poutama-rangatahi-evaluations/he-poutama-taitamariki-and-he-poutama-rangatahi-evaluations.html,"{'width': 1280, 'height': 800}",26_medium,26,AxeCoreAudit,828f1204b8,Ensure that lists are structured correctly,//div[@id='breadcrumbs']/nav/ol,1,"<ul> and <ol> must only directly contain <li>, <script> or <template> elements",https://dequeuniversity.com/rules/axe/4.11/list?application=axeAPI,list,serious,<ol>,"['cat.structure', 'wcag2a', 'wcag131', 'EN-301-549', 'EN-9.1.3.1', 'RGAAv4', 'RGAA-9.3.1']",No
MSD,Government,Providers / Ngā ratonga hapori - Ministry of Social Development,https://msd.govt.nz,https://msd.govt.nz/what-we-can-do/providers/index.html,"{'width': 320, 'height': 450}",27_small,27,AxeCoreAudit,,No issues found,,0,,,,,,,No
MSD,Government,Providers / Ngā ratonga hapori - Ministry of Social Development,https://msd.govt.nz,https://msd.govt.nz/what-we-can-do/providers/index.html,"{'width': 1280, 'height': 800}",27_medium,27,AxeCoreAudit,,No issues found,,0,,,,,,,No
MSD,Government,Careers at MSD - Ministry of Social Development,https://msd.govt.nz,https://msd.govt.nz/about-msd-and-our-work/about-msd/careers/index.html,"{'width': 320, 'height': 450}",28_small,28,AxeCoreAudit,,No issues found,,0,,,,,,,No
MSD,Government,Careers at MSD - Ministry of Social Development,https://msd.govt.nz,https://msd.govt.nz/about-msd-and-our-work/about-msd/careers/index.html,"{'width': 1280, 'height': 800}",28_medium,28,AxeCoreAudit,,No issues found,,0,,,,,,,No
MSD,Government,Students / Ko ngā Tauira - Ministry of Social Development,https://msd.govt.nz,https://msd.govt.nz/what-we-can-do/students/index.html,"{'width': 320, 'height': 450}",29_small,29,AxeCoreAudit,,No issues found,,0,,,,,,,No
MSD,Government,Students / Ko ngā Tauira - Ministry of Social Development,https://msd.govt.nz,https://msd.govt.nz/what-we-can-do/students/index.html,"{'width': 1280, 'height': 800}",29_medium,29,AxeCoreAudit,,No issues found,,0,,,,,,,No
MSD,Government,Identity checks and online verification - Ministry of Social Development,https://msd.govt.nz,https://msd.govt.nz/about-msd-and-our-work/work-programmes/identity-check/identity-checks-and-online-verification.html,"{'width': 320, 'height': 450}",30_small,30,AxeCoreAudit,,No issues found,,0,,,,,,,No
MSD,Government,Identity checks and online verification - Ministry of Social Development,https://msd.govt.nz,https://msd.govt.nz/about-msd-and-our-work/work-programmes/identity-check/identity-checks-and-online-verification.html,"{'width': 1280, 'height': 800}",30_medium,30,AxeCoreAudit,,No issues found,,0,,,,,,,No
MSD,Government,Accessibility - Ministry of Social Development,https://msd.govt.nz,https://msd.govt.nz/about-msd-and-our-work/work-programmes/accessibility/index.html,"{'width': 320, 'height': 450}",31_small,31,AxeCoreAudit,,No issues found,,0,,,,,,,No
MSD,Government,Accessibility - Ministry of Social Development,https://msd.govt.nz,https://msd.govt.nz/about-msd-and-our-work/work-programmes/accessibility/index.html,"{'width': 1280, 'height': 800}",31_medium,31,AxeCoreAudit,,No issues found,,0,,,,,,,No
MSD,Government,Child Poverty Reduction portfolio – Information releases - Ministry of Social Development,https://msd.govt.nz,https://msd.govt.nz/about-msd-and-our-work/child-wellbeing-and-poverty-reduction/information-releases.html,"{'width': 320, 'height': 450}",32_small,32,AxeCoreAudit,,No issues found,,0,,,,,,,No
MSD,Government,Child Poverty Reduction portfolio – Information releases - Ministry of Social Development,https://msd.govt.nz,https://msd.govt.nz/about-msd-and-our-work/child-wellbeing-and-poverty-reduction/information-releases.html,"{'width': 1280, 'height': 800}",32_medium,32,AxeCoreAudit,,No issues found,,0,,,,,,,No
MSD,Government,Child Poverty in New Zealand - Ministry of Social Development,https://msd.govt.nz,https://msd.govt.nz/about-msd-and-our-work/publications-resources/research/child-poverty-in-nz/index.html,"{'width': 320, 'height': 450}",33_small,33,AxeCoreAudit,ac71c55a55,Ensure that lists are structured correctly,//div[@id='breadcrumbs']/nav/ol,1,"<ul> and <ol> must only directly contain <li>, <script> or <template> elements",https://dequeuniversity.com/rules/axe/4.11/list?application=axeAPI,list,serious,<ol>,"['cat.structure', 'wcag2a', 'wcag131', 'EN-301-549', 'EN-9.1.3.1', 'RGAAv4', 'RGAA-9.3.1']",No
MSD,Government,Child Poverty in New Zealand - Ministry of Social Development,https://msd.govt.nz,https://msd.govt.nz/about-msd-and-our-work/publications-resources/research/child-poverty-in-nz/index.html,"{'width': 1280, 'height': 800}",33_medium,33,AxeCoreAudit,828f1204b8,Ensure that lists are structured correctly,//div[@id='breadcrumbs']/nav/ol,1,"<ul> and <ol> must only directly contain <li>, <script> or <template> elements",https://dequeuniversity.com/rules/axe/4.11/list?application=axeAPI,list,serious,<ol>,"['cat.structure', 'wcag2a', 'wcag131', 'EN-301-549', 'EN-9.1.3.1', 'RGAAv4', 'RGAA-9.3.1']",No
MSD,Government,News and Media - Ministry of Social Development,https://msd.govt.nz,https://msd.govt.nz/about-msd-and-our-work/newsroom/index-2018.html,"{'width': 320, 'height': 450}",34_small,34,AxeCoreAudit,,No issues found,,0,,,,,,,No
MSD,Government,News and Media - Ministry of Social Development,https://msd.govt.nz,https://msd.govt.nz/about-msd-and-our-work/newsroom/index-2018.html,"{'width': 1280, 'height': 800}",34_medium,34,AxeCoreAudit,,No issues found,,0,,,,,,,No
MSD,Government,COVID-19 and MSD - Ministry of Social Development,https://msd.govt.nz,https://www.msd.govt.nz/about-msd-and-our-work/covid-19/index.html,"{'width': 320, 'height': 450}",35_small,35,AxeCoreAudit,,No issues found,,0,,,,,,,No
MSD,Government,COVID-19 and MSD - Ministry of Social Development,https://msd.govt.nz,https://www.msd.govt.nz/about-msd-and-our-work/covid-19/index.html,"{'width': 1280, 'height': 800}",35_medium,35,AxeCoreAudit,,No issues found,,0,,,,,,,No
MSD,Government,About us and our work - Ministry of Social Development,https://msd.govt.nz,https://msd.govt.nz/about-msd-and-our-work/index.html,"{'width': 320, 'height': 450}",36_small,36,AxeCoreAudit,,No issues found,,0,,,,,,,No
MSD,Government,About us and our work - Ministry of Social Development,https://msd.govt.nz,https://msd.govt.nz/about-msd-and-our-work/index.html,"{'width': 1280, 'height': 800}",36_medium,36,AxeCoreAudit,,No issues found,,0,,,,,,,No
MSD,Government,Information for Carers - Ministry of Social Development,https://msd.govt.nz,https://msd.govt.nz/what-we-can-do/community/carers/index.html,"{'width': 320, 'height': 450}",37_small,37,AxeCoreAudit,,No issues found,,0,,,,,,,No
MSD,Government,Information for Carers - Ministry of Social Development,https://msd.govt.nz,https://msd.govt.nz/what-we-can-do/community/carers/index.html,"{'width': 1280, 'height': 800}",37_medium,37,AxeCoreAudit,,No issues found,,0,,,,,,,No
MSD,Government,News and Media - Ministry of Social Development,https://msd.govt.nz,https://msd.govt.nz/about-msd-and-our-work/newsroom/index-2015.html,"{'width': 320, 'height': 450}",38_small,38,AxeCoreAudit,,No issues found,,0,,,,,,,No
MSD,Government,News and Media - Ministry of Social Development,https://msd.govt.nz,https://msd.govt.nz/about-msd-and-our-work/newsroom/index-2015.html,"{'width': 1280, 'height': 800}",38_medium,38,AxeCoreAudit,,No issues found,,0,,,,,,,No
MSD,Government,Modernising Child Youth and Family Expert Panel - Ministry of Social Development,https://msd.govt.nz,https://msd.govt.nz/about-msd-and-our-work/newsroom/media-releases/2015/cyf-panel.html,"{'width': 320, 'height': 450}",39_small,39,AxeCoreAudit,ac71c55a55,Ensure that lists are structured correctly,//div[@id='breadcrumbs']/nav/ol,1,"<ul> and <ol> must only directly contain <li>, <script> or <template> elements",https://dequeuniversity.com/rules/axe/4.11/list?application=axeAPI,list,serious,<ol>,"['cat.structure', 'wcag2a', 'wcag131', 'EN-301-549', 'EN-9.1.3.1', 'RGAAv4', 'RGAA-9.3.1']",No
MSD,Government,Modernising Child Youth and Family Expert Panel - Ministry of Social Development,https://msd.govt.nz,https://msd.govt.nz/about-msd-and-our-work/newsroom/media-releases/2015/cyf-panel.html,"{'width': 1280, 'height': 800}",39_medium,39,AxeCoreAudit,828f1204b8,Ensure that lists are structured correctly,//div[@id='breadcrumbs']/nav/ol,1,"<ul> and <ol> must only directly contain <li>, <script> or <template> elements",https://dequeuniversity.com/rules/axe/4.11/list?application=axeAPI,list,serious,<ol>,"['cat.structure', 'wcag2a', 'wcag131', 'EN-301-549', 'EN-9.1.3.1', 'RGAAv4', 'RGAA-9.3.1']",No
MSD,Government,Other MSD Websites - Ministry of Social Development,https://msd.govt.nz,https://www.msd.govt.nz/about-msd-and-our-work/tools/other-msd-websites.html,"{'width': 320, 'height': 450}",40_small,40,AxeCoreAudit,,No issues found,,0,,,,,,,No
MSD,Government,Other MSD Websites - Ministry of Social Development,https://msd.govt.nz,https://www.msd.govt.nz/about-msd-and-our-work/tools/other-msd-websites.html,"{'width': 1280, 'height': 800}",40_medium,40,AxeCoreAudit,,No issues found,,0,,,,,,,No
MSD,Government,Publications Index 2022 - Ministry of Social Development,https://msd.govt.nz,https://msd.govt.nz/about-msd-and-our-work/publications-resources/publications-index-2022.html,"{'width': 320, 'height': 450}",41_small,41,AxeCoreAudit,,No issues found,,0,,,,,,,No
MSD,Government,Publications Index 2022 - Ministry of Social Development,https://msd.govt.nz,https://msd.govt.nz/about-msd-and-our-work/publications-resources/publications-index-2022.html,"{'width': 1280, 'height': 800}",41_medium,41,AxeCoreAudit,,No issues found,,0,,,,,,,No
MSD,Government,Auckland Restaurant Director Sentenced for Wage Subsidy Fraud  - Ministry of Social Development,https://msd.govt.nz,https://www.msd.govt.nz/about-msd-and-our-work/work-programmes/wage-subsidy-integrity/2026/auckland-restaurant-director-sentenced-for-wage-subsidy-fraud.html,"{'width': 320, 'height': 450}",42_small,42,AxeCoreAudit,ac71c55a55,Ensure that lists are structured correctly,//div[@id='breadcrumbs']/nav/ol,1,"<ul> and <ol> must only directly contain <li>, <script> or <template> elements",https://dequeuniversity.com/rules/axe/4.11/list?application=axeAPI,list,serious,<ol>,"['cat.structure', 'wcag2a', 'wcag131', 'EN-301-549', 'EN-9.1.3.1', 'RGAAv4', 'RGAA-9.3.1']",No
MSD,Government,Auckland Restaurant Director Sentenced for Wage Subsidy Fraud  - Ministry of Social Development,https://msd.govt.nz,https://www.msd.govt.nz/about-msd-and-our-work/work-programmes/wage-subsidy-integrity/2026/auckland-restaurant-director-sentenced-for-wage-subsidy-fraud.html,"{'width': 1280, 'height': 800}",42_medium,42,AxeCoreAudit,828f1204b8,Ensure that lists are structured correctly,//div[@id='breadcrumbs']/nav/ol,1,"<ul> and <ol> must only directly contain <li>, <script> or <template> elements",https://dequeuniversity.com/rules/axe/4.11/list?application=axeAPI,list,serious,<ol>,"['cat.structure', 'wcag2a', 'wcag131', 'EN-301-549', 'EN-9.1.3.1', 'RGAAv4', 'RGAA-9.3.1']",No
MSD,Government,Policies - Ministry of Social Development,https://msd.govt.nz,https://msd.govt.nz/about-msd-and-our-work/publications-resources/policies/index.html,"{'width': 320, 'height': 450}",43_small,43,AxeCoreAudit,,No issues found,,0,,,,,,,No
MSD,Government,Policies - Ministry of Social Development,https://msd.govt.nz,https://msd.govt.nz/about-msd-and-our-work/publications-resources/policies/index.html,"{'width': 1280, 'height': 800}",43_medium,43,AxeCoreAudit,,No issues found,,0,,,,,,,No
MSD,Government,Pathways to Inclusion Strategy Evaluation - Ministry of Social Development,https://msd.govt.nz,https://msd.govt.nz/about-msd-and-our-work/publications-resources/evaluation/pathways-inclusion/pathways-to-inclusion-strategy-evaluation.html,"{'width': 320, 'height': 450}",44_small,44,AxeCoreAudit,,No issues found,,0,,,,,,,No
MSD,Government,Pathways to Inclusion Strategy Evaluation - Ministry of Social Development,https://msd.govt.nz,https://msd.govt.nz/about-msd-and-our-work/publications-resources/evaluation/pathways-inclusion/pathways-to-inclusion-strategy-evaluation.html,"{'width': 1280, 'height': 800}",44_medium,44,AxeCoreAudit,,No issues found,,0,,,,,,,No
MSD,Government,Alternate formats - all-of-government process - Ministry of Social Development,https://msd.govt.nz,https://msd.govt.nz/about-msd-and-our-work/work-programmes/accessibility/alternate-formats/index.html,"{'width': 320, 'height': 450}",45_small,45,AxeCoreAudit,,No issues found,,0,,,,,,,No
MSD,Government,Alternate formats - all-of-government process - Ministry of Social Development,https://msd.govt.nz,https://msd.govt.nz/about-msd-and-our-work/work-programmes/accessibility/alternate-formats/index.html,"{'width': 1280, 'height': 800}",45_medium,45,AxeCoreAudit,,No issues found,,0,,,,,,,No
MSD,Government,Auckland Restaurant Director Sentenced for Wage Subsidy Fraud  - Ministry of Social Development,https://msd.govt.nz,https://msd.govt.nz/about-msd-and-our-work/work-programmes/wage-subsidy-integrity/2026/auckland-restaurant-director-sentenced-for-wage-subsidy-fraud.html,"{'width': 320, 'height': 450}",46_small,46,AxeCoreAudit,ac71c55a55,Ensure that lists are structured correctly,//div[@id='breadcrumbs']/nav/ol,1,"<ul> and <ol> must only directly contain <li>, <script> or <template> elements",https://dequeuniversity.com/rules/axe/4.11/list?application=axeAPI,list,serious,<ol>,"['cat.structure', 'wcag2a', 'wcag131', 'EN-301-549', 'EN-9.1.3.1', 'RGAAv4', 'RGAA-9.3.1']",No
MSD,Government,Auckland Restaurant Director Sentenced for Wage Subsidy Fraud  - Ministry of Social Development,https://msd.govt.nz,https://msd.govt.nz/about-msd-and-our-work/work-programmes/wage-subsidy-integrity/2026/auckland-restaurant-director-sentenced-for-wage-subsidy-fraud.html,"{'width': 1280, 'height': 800}",46_medium,46,AxeCoreAudit,828f1204b8,Ensure that lists are structured correctly,//div[@id='breadcrumbs']/nav/ol,1,"<ul> and <ol> must only directly contain <li>, <script> or <template> elements",https://dequeuniversity.com/rules/axe/4.11/list?application=axeAPI,list,serious,<ol>,"['cat.structure', 'wcag2a', 'wcag131', 'EN-301-549', 'EN-9.1.3.1', 'RGAAv4', 'RGAA-9.3.1']",No
MSD,Government,Other MSD Websites - Ministry of Social Development,https://msd.govt.nz,https://msd.govt.nz/about-msd-and-our-work/tools/other-msd-websites.html,"{'width': 320, 'height': 450}",47_small,47,AxeCoreAudit,,No issues found,,0,,,,,,,No
MSD,Government,Other MSD Websites - Ministry of Social Development,https://msd.govt.nz,https://msd.govt.nz/about-msd-and-our-work/tools/other-msd-websites.html,"{'width': 1280, 'height': 800}",47_medium,47,AxeCoreAudit,,No issues found,,0,,,,,,,No
MSD,Government,The 2002 Domestic Purposes and Widow’s Benefit Reform: Evaluation Report - Ministry of Social Development,https://msd.govt.nz,https://msd.govt.nz/about-msd-and-our-work/publications-resources/research/dpb-widows-reform/index.html,"{'width': 320, 'height': 450}",48_small,48,AxeCoreAudit,ac71c55a55,Ensure that lists are structured correctly,//div[@id='breadcrumbs']/nav/ol,1,"<ul> and <ol> must only directly contain <li>, <script> or <template> elements",https://dequeuniversity.com/rules/axe/4.11/list?application=axeAPI,list,serious,<ol>,"['cat.structure', 'wcag2a', 'wcag131', 'EN-301-549', 'EN-9.1.3.1', 'RGAAv4', 'RGAA-9.3.1']",No
MSD,Government,The 2002 Domestic Purposes and Widow’s Benefit Reform: Evaluation Report - Ministry of Social Development,https://msd.govt.nz,https://msd.govt.nz/about-msd-and-our-work/publications-resources/research/dpb-widows-reform/index.html,"{'width': 1280, 'height': 800}",48_medium,48,AxeCoreAudit,828f1204b8,Ensure that lists are structured correctly,//div[@id='breadcrumbs']/nav/ol,1,"<ul> and <ol> must only directly contain <li>, <script> or <template> elements",https://dequeuniversity.com/rules/axe/4.11/list?application=axeAPI,list,serious,<ol>,"['cat.structure', 'wcag2a', 'wcag131', 'EN-301-549', 'EN-9.1.3.1', 'RGAAv4', 'RGAA-9.3.1']",No
MSD,Government,Investing in Children Programme - Ministry of Social Development,https://msd.govt.nz,https://msd.govt.nz/about-msd-and-our-work/work-programmes/investing-in-children/index.html,"{'width': 320, 'height': 450}",49_small,49,AxeCoreAudit,,No issues found,,0,,,,,,,No
MSD,Government,Investing in Children Programme - Ministry of Social Development,https://msd.govt.nz,https://msd.govt.nz/about-msd-and-our-work/work-programmes/investing-in-children/index.html,"{'width': 1280, 'height': 800}",49_medium,49,AxeCoreAudit,,No issues found,,0,,,,,,,No
MSD,Government,Christchurch man claimed wage subsidy twice for the same employees - Ministry of Social Development,https://msd.govt.nz,https://www.msd.govt.nz/about-msd-and-our-work/work-programmes/wage-subsidy-integrity/2025/christchurch-man-claimed-wage-subsidy-twice-for-the-same-employees.html,"{'width': 320, 'height': 450}",50_small,50,AxeCoreAudit,ac71c55a55,Ensure that lists are structured correctly,//div[@id='breadcrumbs']/nav/ol,1,"<ul> and <ol> must only directly contain <li>, <script> or <template> elements",https://dequeuniversity.com/rules/axe/4.11/list?application=axeAPI,list,serious,<ol>,"['cat.structure', 'wcag2a', 'wcag131', 'EN-301-549', 'EN-9.1.3.1', 'RGAAv4', 'RGAA-9.3.1']",No
MSD,Government,Christchurch man claimed wage subsidy twice for the same employees - Ministry of Social Development,https://msd.govt.nz,https://www.msd.govt.nz/about-msd-and-our-work/work-programmes/wage-subsidy-integrity/2025/christchurch-man-claimed-wage-subsidy-twice-for-the-same-employees.html,"{'width': 1280, 'height': 800}",50_medium,50,AxeCoreAudit,e62c191b0c,Ensure <img> elements have alternative text or a role of none or presentation,//div[@id='feature-col']/div/img,1,Images must have alternative text,https://dequeuniversity.com/rules/axe/4.11/image-alt?application=axeAPI,image-alt,critical,"<img src="""">","['cat.text-alternatives', 'wcag2a', 'wcag111', 'section508', 'section508.22.a', 'TTv5', 'TT7.a', 'TT7.b', 'EN-301-549', 'EN-9.1.1.1', 'ACT', 'RGAAv4', 'RGAA-1.1.1']",No
MSD,Government,Christchurch man claimed wage subsidy twice for the same employees - Ministry of Social Development,https://msd.govt.nz,https://www.msd.govt.nz/about-msd-and-our-work/work-programmes/wage-subsidy-integrity/2025/christchurch-man-claimed-wage-subsidy-twice-for-the-same-employees.html,"{'width': 1280, 'height': 800}",50_medium,50,AxeCoreAudit,828f1204b8,Ensure that lists are structured correctly,//div[@id='breadcrumbs']/nav/ol,1,"<ul> and <ol> must only directly contain <li>, <script> or <template> elements",https://dequeuniversity.com/rules/axe/4.11/list?application=axeAPI,list,serious,<ol>,"['cat.structure', 'wcag2a', 'wcag131', 'EN-301-549', 'EN-9.1.3.1', 'RGAAv4', 'RGAA-9.3.1']",No
